idade,faixa_etaria
32,Adulto
73,Idoso
53,Adulto
29,Adulto
7,Criança
56,Adulto
70,Idoso
45,Adulto
7,Criança
19,Adolescente
29,Adulto
58,Adulto
24,Adolescente
82,Idoso
35,Adulto
33,Adulto
45,Adulto
65,Idoso
28,Adulto
76,Idoso
20,Adolescente
35,Adulto
63,Idoso
64,Idoso
45,Adulto
14,Adolescente
39,Adulto
12,Criança
0,Criança
42,Adulto
18,Adolescente
12,Criança
91,Idoso
71,Idoso
81,Idoso
72,Idoso
23,Adolescente
90,Idoso
72,Idoso
91,Idoso
93,Idoso
87,Idoso
23,Adolescente
44,Adulto
35,Adulto
74,Idoso
98,Idoso
14,Adolescente
1,Criança
17,Adolescente
81,Idoso
9,Criança
85,Idoso
81,Idoso
3,Criança
37,Adulto
58,Adulto
96,Idoso
54,Adulto
95,Idoso
19,Adolescente
18,Adolescente
7,Criança
79,Idoso
4,Criança
7,Criança
31,Adulto
19,Adolescente
31,Adulto
73,Idoso
95,Idoso
31,Adulto
40,Adulto
100,Idoso
35,Adulto
56,Adulto
49,Adulto
97,Idoso
72,Idoso
78,Idoso
97,Idoso
85,Idoso
58,Adulto
36,Adulto
33,Adulto
76,Idoso
86,Idoso
29,Adulto
22,Adolescente
77,Idoso
53,Adulto
32,Adulto
84,Idoso
100,Idoso
73,Idoso
31,Adulto
6,Criança
73,Idoso
44,Adulto
15,Adolescente
22,Adolescente
40,Adulto
21,Adolescente
26,Adulto
18,Adolescente
92,Idoso
18,Adolescente
16,Adolescente
76,Idoso
30,Adulto
16,Adolescente
53,Adulto
69,Idoso
22,Adolescente
29,Adulto
24,Adolescente
44,Adulto
47,Adulto
44,Adulto
16,Adolescente
74,Idoso
50,Adulto
15,Adolescente
61,Idoso
73,Idoso
54,Adulto
12,Criança
67,Idoso
52,Adulto
35,Adulto
31,Adulto
10,Criança
55,Adulto
82,Idoso
24,Adolescente
54,Adulto
54,Adulto
53,Adulto
2,Criança
27,Adulto
41,Adulto
14,Adolescente
1,Criança
47,Adulto
77,Idoso
81,Idoso
40,Adulto
47,Adulto
73,Idoso
55,Adulto
78,Idoso
6,Criança
87,Idoso
33,Adulto
75,Idoso
15,Adolescente
89,Idoso
31,Adulto
69,Idoso
43,Adulto
41,Adulto
12,Criança
67,Idoso
31,Adulto
68,Idoso
6,Criança
91,Idoso
59,Adulto
97,Idoso
75,Idoso
57,Adulto
22,Adolescente
40,Adulto
85,Idoso
78,Idoso
78,Idoso
95,Idoso
54,Adulto
12,Criança
79,Idoso
71,Idoso
69,Idoso
58,Adulto
38,Adulto
79,Idoso
79,Idoso
33,Adulto
47,Adulto
38,Adulto
2,Criança
57,Adulto
6,Criança
61,Idoso
97,Idoso
88,Idoso
100,Idoso
80,Idoso
82,Idoso
82,Idoso
52,Adulto
